Timestamp,Prediction
2025-10-15 21:31:55,Rose Ringed Parakeet
2025-10-15 21:31:55,White-Breasted-Kingfisher
2025-10-15 21:31:58,White-Breasted-Kingfisher
2025-10-15 21:31:59,White-Breasted-Kingfisher
2025-10-15 21:32:02,White-Breasted-Kingfisher
2025-10-15 21:32:02,White-Breasted-Kingfisher
2025-10-15 21:32:05,White-Breasted-Kingfisher
2025-10-15 21:32:05,White-Breasted-Kingfisher
2025-10-15 21:32:08,White-Breasted-Kingfisher
2025-10-15 21:32:08,White-Breasted-Kingfisher
2025-10-15 21:32:11,White-Breasted-Kingfisher
2025-10-15 21:32:12,White-Breasted-Kingfisher
2025-10-15 21:32:15,White-Breasted-Kingfisher
2025-10-15 21:32:15,White-Breasted-Kingfisher
2025-10-15 21:32:18,White-Breasted-Kingfisher
2025-10-15 21:32:18,White-Breasted-Kingfisher
2025-10-15 21:32:21,White-Breasted-Kingfisher
2025-10-15 21:32:22,White-Breasted-Kingfisher
2025-10-15 21:32:25,White-Breasted-Kingfisher
2025-10-15 21:32:25,White-Breasted-Kingfisher
2025-10-15 21:32:28,White-Breasted-Kingfisher
2025-10-15 21:32:28,White-Breasted-Kingfisher
2025-10-15 21:32:31,White-Breasted-Kingfisher
2025-10-15 21:32:31,White-Breasted-Kingfisher
2025-10-15 21:32:35,White-Breasted-Kingfisher
2025-10-15 21:32:35,White-Breasted-Kingfisher
2025-10-15 21:32:38,White-Breasted-Kingfisher
2025-10-15 21:32:38,White-Breasted-Kingfisher
2025-10-15 21:32:41,Jungle-Babbler
2025-10-15 21:32:44,Jungle-Babbler
2025-10-15 21:32:45,Jungle-Babbler
2025-10-15 21:32:47,Jungle-Babbler
2025-10-15 21:32:48,Jungle-Babbler
2025-10-15 21:32:51,Jungle-Babbler
2025-10-15 21:32:51,Jungle-Babbler
2025-10-15 21:32:54,Jungle-Babbler
2025-10-15 21:32:55,Rose Ringed Parakeet
2025-10-15 21:32:57,White-Breasted-Kingfisher
2025-10-15 21:32:58,Jungle-Babbler
2025-10-15 21:33:01,Jungle-Babbler
2025-10-15 21:33:01,Jungle-Babbler
2025-10-15 21:33:04,Rose Ringed Parakeet
2025-10-15 21:33:05,Rose Ringed Parakeet
2025-10-15 21:33:07,Jungle-Babbler
2025-10-15 21:33:08,Jungle-Babbler
2025-10-15 21:33:11,Jungle-Babbler
2025-10-15 21:33:12,Rose Ringed Parakeet
2025-10-15 21:33:14,White-Breasted-Kingfisher
2025-10-15 21:33:16,White-Breasted-Kingfisher
2025-10-15 21:33:17,White-Breasted-Kingfisher
2025-10-15 21:33:19,White-Breasted-Kingfisher
2025-10-15 21:33:21,White-Breasted-Kingfisher
2025-10-15 21:33:22,White-Breasted-Kingfisher
2025-10-15 21:33:24,White-Breasted-Kingfisher
2025-10-15 21:33:25,White-Breasted-Kingfisher
2025-10-15 21:33:27,White-Breasted-Kingfisher
2025-10-15 21:33:28,White-Breasted-Kingfisher
2025-10-15 21:33:40,White-Breasted-Kingfisher
2025-10-15 21:33:44,White-Breasted-Kingfisher
2025-10-15 21:33:44,White-Breasted-Kingfisher
2025-10-15 21:33:47,White-Breasted-Kingfisher
2025-10-15 21:33:48,White-Breasted-Kingfisher
2025-10-15 21:33:51,Jungle-Babbler
2025-10-15 21:33:51,Jungle-Babbler
2025-10-15 21:33:54,Jungle-Babbler
2025-10-15 21:33:54,Jungle-Babbler
2025-10-15 21:33:57,Jungle-Babbler
2025-10-15 21:33:57,Jungle-Babbler
2025-10-15 21:34:00,Jungle-Babbler
2025-10-15 21:34:01,Jungle-Babbler
2025-10-15 21:34:04,Jungle-Babbler
2025-10-15 21:34:04,Jungle-Babbler
2025-10-15 21:34:07,White-Breasted-Kingfisher
2025-10-15 21:34:07,White-Breasted-Kingfisher
2025-10-15 21:34:10,White-Breasted-Kingfisher
2025-10-15 21:34:11,White-Breasted-Kingfisher
2025-10-15 21:34:13,White-Breasted-Kingfisher
2025-10-15 21:34:14,White-Breasted-Kingfisher
2025-10-15 21:34:17,White-Breasted-Kingfisher
2025-10-15 21:34:17,White-Breasted-Kingfisher
2025-10-15 21:34:20,White-Breasted-Kingfisher
2025-10-15 21:34:20,White-Breasted-Kingfisher
2025-10-15 21:34:24,White-Breasted-Kingfisher
2025-10-15 21:34:24,White-Breasted-Kingfisher
2025-10-15 21:34:27,White-Breasted-Kingfisher
2025-10-15 21:34:27,White-Breasted-Kingfisher
2025-10-15 21:34:30,White-Breasted-Kingfisher
2025-10-15 21:34:30,White-Breasted-Kingfisher
2025-10-15 21:34:33,White-Breasted-Kingfisher
2025-10-15 21:34:34,White-Breasted-Kingfisher
2025-10-15 21:34:37,White-Breasted-Kingfisher
2025-10-15 21:34:38,White-Breasted-Kingfisher
2025-10-15 21:34:40,Jungle-Babbler
2025-10-15 21:34:41,Jungle-Babbler
2025-10-15 21:34:43,White-Breasted-Kingfisher
2025-10-15 21:34:45,White-Breasted-Kingfisher
2025-10-15 21:34:47,White-Breasted-Kingfisher
2025-10-15 21:34:48,White-Breasted-Kingfisher
2025-10-15 21:34:50,White-Breasted-Kingfisher
2025-10-15 21:34:53,White-Breasted-Kingfisher
2025-10-15 21:46:13,White-Breasted-Kingfisher
2025-10-15 21:46:17,Red-Wattled-Lapwing
2025-10-15 21:46:18,No Bird Detected
2025-10-15 21:46:21,No Bird Detected
2025-10-15 21:46:22,No Bird Detected
2025-10-15 21:46:25,No Bird Detected
2025-10-15 21:46:27,No Bird Detected
2025-10-15 21:46:28,No Bird Detected
2025-10-15 21:46:30,No Bird Detected
2025-10-15 21:46:32,No Bird Detected
2025-10-15 21:46:34,No Bird Detected
2025-10-15 21:46:35,No Bird Detected
2025-10-15 21:46:37,No Bird Detected
2025-10-15 21:46:39,No Bird Detected
2025-10-15 21:46:40,No Bird Detected
2025-10-15 21:46:42,No Bird Detected
2025-10-15 21:46:43,No Bird Detected
2025-10-15 21:46:45,No Bird Detected
2025-10-15 21:46:47,No Bird Detected
2025-10-15 21:46:48,No Bird Detected
2025-10-15 21:46:50,No Bird Detected
2025-10-15 21:46:51,No Bird Detected
2025-10-15 21:46:53,No Bird Detected
2025-10-15 21:46:55,Red-Wattled-Lapwing
2025-10-15 21:46:56,White-Breasted-Kingfisher
2025-10-15 21:46:58,White-Breasted-Kingfisher
2025-10-15 21:46:59,White-Breasted-Kingfisher
2025-10-15 21:47:01,White-Breasted-Kingfisher
2025-10-15 21:47:03,Jungle-Babbler
2025-10-15 21:47:04,Jungle-Babbler
2025-10-15 21:47:06,White-Breasted-Kingfisher
2025-10-15 21:47:07,White-Breasted-Kingfisher
2025-10-15 21:47:09,White-Breasted-Kingfisher
2025-10-15 21:47:11,White-Breasted-Kingfisher
2025-10-15 21:47:12,Jungle-Babbler
2025-10-15 21:47:14,Jungle-Babbler
2025-10-15 21:47:15,Jungle-Babbler
2025-10-15 21:47:17,Jungle-Babbler
2025-10-15 21:47:19,Jungle-Babbler
2025-10-15 21:47:20,Jungle-Babbler
2025-10-15 21:47:22,Jungle-Babbler
2025-10-15 21:47:23,Jungle-Babbler
2025-10-15 21:47:25,Jungle-Babbler
2025-10-15 21:47:27,Jungle-Babbler
2025-10-15 21:47:28,Jungle-Babbler
2025-10-15 21:47:30,Jungle-Babbler
2025-10-15 21:47:32,White-Breasted-Kingfisher
2025-10-15 21:47:33,White-Breasted-Kingfisher
2025-10-15 21:47:35,White-Breasted-Kingfisher
2025-10-15 21:47:36,White-Breasted-Kingfisher
2025-10-15 21:47:38,White-Breasted-Kingfisher
2025-10-15 21:47:39,White-Breasted-Kingfisher
2025-10-15 21:47:41,White-Breasted-Kingfisher
2025-10-15 21:47:43,Jungle-Babbler
2025-10-15 21:47:44,Jungle-Babbler
2025-10-15 21:47:46,Jungle-Babbler
2025-10-15 21:47:47,Jungle-Babbler
2025-10-15 21:47:49,Jungle-Babbler
2025-10-15 21:47:51,Jungle-Babbler
2025-10-15 21:47:52,Jungle-Babbler
2025-10-15 21:47:54,Jungle-Babbler
2025-10-15 21:47:55,Jungle-Babbler
2025-10-15 21:47:57,Jungle-Babbler
2025-10-15 21:47:59,Jungle-Babbler
2025-10-15 21:48:00,Jungle-Babbler
2025-10-15 21:48:02,Jungle-Babbler
2025-10-15 21:48:04,Jungle-Babbler
2025-10-15 21:48:05,Jungle-Babbler
2025-10-15 21:48:07,Jungle-Babbler
2025-10-15 21:48:08,Jungle-Babbler
2025-10-15 21:48:11,Jungle-Babbler
2025-10-15 21:48:12,Jungle-Babbler
2025-10-15 21:48:14,Jungle-Babbler
2025-10-15 21:48:15,Jungle-Babbler
2025-10-15 21:48:18,Jungle-Babbler
2025-10-15 21:48:36,Jungle-Babbler
2025-10-15 21:48:38,Jungle-Babbler
2025-10-15 21:48:40,Jungle-Babbler
2025-10-15 21:48:42,Jungle-Babbler
2025-10-15 21:48:44,Jungle-Babbler
2025-10-15 21:48:45,Jungle-Babbler
2025-10-15 21:48:47,Jungle-Babbler
2025-10-15 21:48:49,Jungle-Babbler
2025-10-15 21:48:50,Jungle-Babbler
2025-10-15 21:50:38,Jungle-Babbler
2025-10-15 21:50:41,White-Breasted-Kingfisher
2025-10-15 21:50:42,White-Breasted-Kingfisher
2025-10-15 21:50:44,White-Breasted-Kingfisher
2025-10-15 21:50:45,White-Breasted-Kingfisher
2025-10-15 21:50:47,White-Breasted-Kingfisher
2025-10-15 21:50:48,White-Breasted-Kingfisher
2025-10-15 21:50:51,White-Breasted-Kingfisher
2025-10-15 21:50:51,White-Breasted-Kingfisher
2025-10-15 21:50:54,White-Breasted-Kingfisher
2025-10-15 21:50:55,White-Breasted-Kingfisher
2025-10-15 21:50:57,White-Breasted-Kingfisher
2025-10-15 21:50:58,White-Breasted-Kingfisher
2025-10-15 21:51:00,White-Breasted-Kingfisher
2025-10-15 21:51:01,White-Breasted-Kingfisher
2025-10-15 21:51:04,White-Breasted-Kingfisher
2025-10-15 21:51:05,White-Breasted-Kingfisher
2025-10-15 21:51:07,White-Breasted-Kingfisher
2025-10-15 21:51:08,White-Breasted-Kingfisher
2025-10-15 21:51:10,White-Breasted-Kingfisher
2025-10-15 21:51:11,White-Breasted-Kingfisher
2025-10-15 21:51:13,White-Breasted-Kingfisher
2025-10-15 21:51:14,White-Breasted-Kingfisher
2025-10-15 21:51:17,White-Breasted-Kingfisher
2025-10-15 21:51:18,White-Breasted-Kingfisher
2025-10-15 21:51:20,White-Breasted-Kingfisher
2025-10-15 21:51:21,White-Breasted-Kingfisher
2025-10-15 21:51:23,White-Breasted-Kingfisher
2025-10-15 21:51:24,White-Breasted-Kingfisher
2025-10-15 21:51:27,White-Breasted-Kingfisher
2025-10-15 21:51:27,White-Breasted-Kingfisher
2025-10-15 21:51:30,White-Breasted-Kingfisher
2025-10-15 21:51:30,White-Breasted-Kingfisher
2025-10-15 21:51:33,White-Breasted-Kingfisher
2025-10-15 21:51:34,White-Breasted-Kingfisher
2025-10-15 21:51:36,White-Breasted-Kingfisher
2025-10-15 21:51:37,Red-Wattled-Lapwing
2025-10-15 21:51:40,White-Breasted-Kingfisher
2025-10-15 21:51:40,White-Breasted-Kingfisher
2025-10-15 21:51:43,Jungle-Babbler
2025-10-15 21:51:44,Jungle-Babbler
2025-10-15 21:51:46,White-Breasted-Kingfisher
2025-10-15 21:51:47,White-Breasted-Kingfisher
2025-10-15 21:51:50,Red-Wattled-Lapwing
2025-10-15 21:51:50,White-Breasted-Kingfisher
2025-10-15 21:51:53,Red-Wattled-Lapwing
2025-10-15 21:51:53,Red-Wattled-Lapwing
2025-10-15 21:51:56,Red-Wattled-Lapwing
2025-10-15 21:51:57,White-Breasted-Kingfisher
2025-10-15 21:52:00,Red-Wattled-Lapwing
2025-10-15 21:52:03,Red-Wattled-Lapwing
2025-10-15 21:52:03,Asian-Green-Bee-Eater
2025-10-15 21:52:07,White-Breasted-Kingfisher
2025-10-15 21:52:07,Asian-Green-Bee-Eater
2025-10-15 21:52:11,Red-Wattled-Lapwing
2025-10-15 21:52:11,Jungle-Babbler
2025-10-15 21:52:14,Jungle-Babbler
2025-10-15 21:52:14,Red-Wattled-Lapwing
2025-10-15 21:52:18,Jungle-Babbler
2025-10-15 21:52:18,White-Breasted-Kingfisher
2025-10-15 21:52:21,Asian-Green-Bee-Eater
2025-10-15 21:52:21,White-Breasted-Kingfisher
2025-10-15 21:52:24,Asian-Green-Bee-Eater
2025-10-15 21:52:24,White-Breasted-Kingfisher
2025-10-15 21:52:27,Asian-Green-Bee-Eater
2025-10-15 21:52:27,White-Breasted-Kingfisher
2025-10-15 21:52:30,Asian-Green-Bee-Eater
2025-10-15 21:52:31,White-Breasted-Kingfisher
2025-10-15 21:52:34,Asian-Green-Bee-Eater
2025-10-15 21:52:34,White-Breasted-Kingfisher
2025-10-15 21:52:37,Asian-Green-Bee-Eater
2025-10-15 21:52:37,White-Breasted-Kingfisher
2025-10-15 21:52:40,Jungle-Babbler
2025-10-15 21:52:40,White-Breasted-Kingfisher
2025-10-15 21:52:44,Jungle-Babbler
2025-10-15 21:52:44,Jungle-Babbler
2025-10-15 21:52:47,Jungle-Babbler
2025-10-15 21:52:47,Jungle-Babbler
2025-10-15 21:52:50,Jungle-Babbler
2025-10-15 21:52:50,Jungle-Babbler
2025-10-15 21:52:53,Jungle-Babbler
2025-10-15 21:52:53,Jungle-Babbler
2025-10-15 21:52:57,Jungle-Babbler
2025-10-15 21:52:57,Jungle-Babbler
2025-10-15 21:53:00,Jungle-Babbler
2025-10-15 21:53:00,Jungle-Babbler
2025-10-15 21:53:03,Jungle-Babbler
2025-10-15 21:53:03,Jungle-Babbler
2025-10-15 21:53:06,Jungle-Babbler
2025-10-15 21:53:06,Jungle-Babbler
2025-10-15 21:53:10,Jungle-Babbler
2025-10-15 21:53:10,Jungle-Babbler
2025-10-15 21:53:14,Jungle-Babbler
2025-10-15 21:53:14,Jungle-Babbler
2025-10-15 21:53:17,Jungle-Babbler
2025-10-15 21:53:17,Jungle-Babbler
2025-10-15 21:53:20,Jungle-Babbler
2025-10-15 21:53:20,Jungle-Babbler
2025-10-15 21:53:24,Jungle-Babbler
2025-10-15 21:53:24,Jungle-Babbler
2025-10-15 21:53:27,Jungle-Babbler
2025-10-15 21:53:27,Jungle-Babbler
2025-10-15 21:53:30,Jungle-Babbler
2025-10-15 21:53:30,Jungle-Babbler
2025-10-15 21:53:34,Jungle-Babbler
2025-10-15 21:53:34,Jungle-Babbler
2025-10-15 21:53:37,Jungle-Babbler
2025-10-15 21:53:37,Jungle-Babbler
2025-10-15 21:53:40,Jungle-Babbler
2025-10-15 21:53:40,Jungle-Babbler
2025-10-15 21:53:43,Jungle-Babbler
2025-10-15 21:53:44,Jungle-Babbler
2025-10-15 21:53:47,Jungle-Babbler
2025-10-15 21:53:47,Jungle-Babbler
2025-10-15 21:53:50,Jungle-Babbler
2025-10-15 21:53:50,Jungle-Babbler
2025-10-15 21:53:53,Jungle-Babbler
2025-10-15 21:53:53,Jungle-Babbler
2025-10-15 21:53:58,Jungle-Babbler
2025-10-15 21:53:59,Red-Wattled-Lapwing
2025-10-15 21:54:02,Jungle-Babbler
2025-10-15 21:54:02,Red-Wattled-Lapwing
2025-10-15 21:54:12,Jungle-Babbler
2025-10-15 21:54:16,Jungle-Babbler
2025-10-15 21:54:16,Jungle-Babbler
2025-10-15 21:54:20,White-Breasted-Kingfisher
2025-10-15 21:54:20,Red-Wattled-Lapwing
2025-10-15 21:54:28,Jungle-Babbler
2025-10-15 21:54:28,Jungle-Babbler
2025-10-15 21:54:32,Jungle-Babbler
2025-10-15 21:54:33,Jungle-Babbler
2025-10-15 21:54:36,Jungle-Babbler
2025-10-15 21:54:37,Jungle-Babbler
2025-10-15 21:54:40,Jungle-Babbler
2025-10-15 21:54:40,Jungle-Babbler
2025-10-15 21:54:46,Red-Wattled-Lapwing
2025-10-15 21:54:46,Red-Wattled-Lapwing
2025-10-15 21:54:50,Jungle-Babbler
2025-10-15 21:54:53,Jungle-Babbler
2025-10-15 21:54:54,Jungle-Babbler
2025-10-15 21:55:02,White-Breasted-Kingfisher
2025-10-15 21:55:02,White-Breasted-Kingfisher
2025-10-15 21:55:10,Jungle-Babbler
2025-10-15 21:55:12,Jungle-Babbler
2025-10-15 21:55:13,Jungle-Babbler
2025-10-15 21:55:15,Jungle-Babbler
2025-10-15 21:55:16,Jungle-Babbler
2025-10-15 21:55:19,Jungle-Babbler
2025-10-15 21:55:19,Jungle-Babbler
2025-10-15 21:55:22,Jungle-Babbler
2025-10-15 21:55:22,Jungle-Babbler
2025-10-15 21:55:25,Jungle-Babbler
2025-10-15 21:55:26,Jungle-Babbler
2025-10-15 21:55:29,Jungle-Babbler
2025-10-15 21:55:30,Jungle-Babbler
2025-10-15 21:55:32,Jungle-Babbler
2025-10-15 21:55:34,Asian-Green-Bee-Eater
2025-10-15 21:55:36,Asian-Green-Bee-Eater
2025-10-15 21:55:37,Asian-Green-Bee-Eater
2025-10-15 21:55:39,Jungle-Babbler
2025-10-15 21:55:40,Jungle-Babbler
2025-10-15 21:55:42,Jungle-Babbler
2025-10-15 21:55:44,Jungle-Babbler
2025-10-15 21:55:45,Jungle-Babbler
2025-10-15 21:55:47,Jungle-Babbler
2025-10-15 21:55:49,Jungle-Babbler
2025-10-15 21:55:50,Jungle-Babbler
2025-10-15 21:55:52,Jungle-Babbler
2025-10-15 21:55:54,Jungle-Babbler
2025-10-15 21:55:55,Jungle-Babbler
2025-10-15 21:55:57,Jungle-Babbler
2025-10-15 21:55:58,Jungle-Babbler
2025-10-15 21:56:00,Jungle-Babbler
2025-10-15 21:56:01,Jungle-Babbler
2025-10-15 21:56:03,Jungle-Babbler
2025-10-15 21:56:04,Jungle-Babbler
2025-10-15 21:56:06,Jungle-Babbler
2025-10-15 21:56:08,Jungle-Babbler
2025-10-15 21:56:10,Jungle-Babbler
2025-10-15 21:56:11,Jungle-Babbler
2025-10-15 21:56:13,Jungle-Babbler
2025-10-15 21:56:14,Jungle-Babbler
2025-10-15 21:56:16,Jungle-Babbler
2025-10-15 21:56:17,Jungle-Babbler
2025-10-15 21:56:19,Jungle-Babbler
2025-10-15 21:56:21,Jungle-Babbler
2025-10-15 21:56:22,Jungle-Babbler
2025-10-15 21:56:24,Jungle-Babbler
2025-10-15 21:56:26,Jungle-Babbler
2025-10-15 21:56:27,Jungle-Babbler
2025-10-15 21:56:29,Jungle-Babbler
2025-10-15 21:56:30,Jungle-Babbler
2025-10-15 21:56:32,Jungle-Babbler
2025-10-15 21:56:33,Jungle-Babbler
2025-10-15 21:56:35,Jungle-Babbler
2025-10-15 21:56:37,Jungle-Babbler
2025-10-15 21:56:38,Jungle-Babbler
2025-10-15 21:56:40,Jungle-Babbler
2025-10-15 21:56:41,Jungle-Babbler
2025-10-15 21:56:43,Jungle-Babbler
2025-10-15 21:56:45,Jungle-Babbler
2025-10-15 21:56:46,Jungle-Babbler
2025-10-15 21:56:48,Jungle-Babbler
2025-10-15 21:56:50,Jungle-Babbler
2025-10-15 21:56:54,Jungle-Babbler
2025-10-15 21:56:57,Jungle-Babbler
2025-10-15 21:56:57,Jungle-Babbler
2025-10-15 21:57:00,Jungle-Babbler
2025-10-15 21:57:00,Jungle-Babbler
2025-10-15 21:57:03,Jungle-Babbler
2025-10-15 21:57:03,Jungle-Babbler
2025-10-15 21:57:06,Jungle-Babbler
2025-10-15 21:57:07,Jungle-Babbler
2025-10-15 21:57:10,Jungle-Babbler
2025-10-15 21:57:10,Jungle-Babbler
2025-10-15 21:57:13,Jungle-Babbler
2025-10-15 21:57:13,Jungle-Babbler
2025-10-15 21:57:16,Jungle-Babbler
2025-10-15 21:57:16,Jungle-Babbler
2025-10-15 21:57:19,Jungle-Babbler
2025-10-15 21:57:19,Jungle-Babbler
2025-10-15 21:57:22,Jungle-Babbler
2025-10-15 21:57:23,Jungle-Babbler
2025-10-15 21:57:26,Jungle-Babbler
2025-10-15 21:57:26,White-Breasted-Kingfisher
2025-10-15 21:57:29,Red-Wattled-Lapwing
2025-10-15 21:57:29,Red-Wattled-Lapwing
2025-10-15 21:57:32,Jungle-Babbler
2025-10-15 21:57:32,Jungle-Babbler
2025-10-15 21:57:35,Jungle-Babbler
2025-10-15 21:57:35,Jungle-Babbler
2025-10-15 21:57:38,Jungle-Babbler
2025-10-15 21:57:38,Jungle-Babbler
2025-10-15 21:57:41,Jungle-Babbler
2025-10-15 21:57:42,Jungle-Babbler
2025-10-15 21:57:45,Jungle-Babbler
2025-10-15 21:57:45,Jungle-Babbler
2025-10-15 21:57:48,White-Breasted-Kingfisher
2025-10-15 21:57:48,White-Breasted-Kingfisher
2025-10-15 21:57:51,Jungle-Babbler
2025-10-15 21:57:51,Jungle-Babbler
2025-10-15 21:57:54,Jungle-Babbler
2025-10-15 21:57:55,Jungle-Babbler
2025-10-15 21:57:57,Jungle-Babbler
2025-10-15 21:57:58,Jungle-Babbler
2025-10-15 21:58:01,Jungle-Babbler
2025-10-15 21:58:01,Jungle-Babbler
2025-10-15 21:58:04,Jungle-Babbler
2025-10-15 21:58:04,Jungle-Babbler
2025-10-15 21:58:07,Jungle-Babbler
2025-10-15 21:58:08,Jungle-Babbler
2025-10-15 21:58:11,Jungle-Babbler
2025-10-15 21:58:11,Jungle-Babbler
2025-10-15 21:58:14,Jungle-Babbler
2025-10-15 21:58:14,Jungle-Babbler
2025-10-15 21:58:17,Red-Wattled-Lapwing
2025-10-15 21:58:17,Red-Wattled-Lapwing
2025-10-15 21:58:20,White-Breasted-Kingfisher
2025-10-15 21:58:21,Red-Wattled-Lapwing
2025-10-15 21:58:24,Jungle-Babbler
2025-10-15 21:58:24,Jungle-Babbler
2025-10-15 21:58:27,Jungle-Babbler
2025-10-15 21:58:27,Jungle-Babbler
2025-10-15 21:58:30,Jungle-Babbler
2025-10-15 21:58:30,Jungle-Babbler
2025-10-15 21:58:33,Jungle-Babbler
2025-10-15 21:58:34,Jungle-Babbler
2025-10-15 21:58:36,Jungle-Babbler
2025-10-15 21:58:37,Jungle-Babbler
2025-10-15 21:58:39,Jungle-Babbler
2025-10-15 21:58:40,Jungle-Babbler
2025-10-15 21:58:43,Red-Wattled-Lapwing
2025-10-15 21:58:43,Red-Wattled-Lapwing
2025-10-15 21:58:46,Jungle-Babbler
2025-10-15 21:58:47,Jungle-Babbler
2025-10-15 21:58:49,Asian-Green-Bee-Eater
2025-10-15 21:58:50,Asian-Green-Bee-Eater
2025-10-15 21:58:52,Asian-Green-Bee-Eater
2025-10-15 21:58:53,Asian-Green-Bee-Eater
2025-10-15 21:58:56,Asian-Green-Bee-Eater
2025-10-15 21:58:57,Asian-Green-Bee-Eater
2025-10-15 21:58:59,Asian-Green-Bee-Eater
2025-10-15 21:59:00,Asian-Green-Bee-Eater
2025-10-15 21:59:02,Asian-Green-Bee-Eater
2025-10-15 21:59:03,Asian-Green-Bee-Eater
2025-10-15 21:59:05,Jungle-Babbler
2025-10-15 21:59:07,Asian-Green-Bee-Eater
2025-10-15 21:59:08,Asian-Green-Bee-Eater
2025-10-15 21:59:10,Asian-Green-Bee-Eater
2025-10-15 21:59:12,Asian-Green-Bee-Eater
2025-10-15 21:59:13,Asian-Green-Bee-Eater
2025-10-15 21:59:15,Asian-Green-Bee-Eater
2025-10-15 21:59:16,Asian-Green-Bee-Eater
2025-10-15 21:59:18,Asian-Green-Bee-Eater
2025-10-15 21:59:20,Asian-Green-Bee-Eater
2025-10-15 21:59:21,Asian-Green-Bee-Eater
2025-10-15 21:59:23,Asian-Green-Bee-Eater
2025-10-15 21:59:24,Asian-Green-Bee-Eater
2025-10-15 21:59:26,Asian-Green-Bee-Eater
2025-10-15 21:59:28,Asian-Green-Bee-Eater
2025-10-15 21:59:29,Asian-Green-Bee-Eater
2025-10-15 21:59:31,Asian-Green-Bee-Eater
2025-10-15 21:59:32,Asian-Green-Bee-Eater
2025-10-15 21:59:34,Asian-Green-Bee-Eater
2025-10-15 21:59:35,Asian-Green-Bee-Eater
2025-10-15 21:59:37,Asian-Green-Bee-Eater
2025-10-15 21:59:39,Asian-Green-Bee-Eater
2025-10-15 21:59:40,Asian-Green-Bee-Eater
2025-10-15 21:59:42,Asian-Green-Bee-Eater
2025-10-15 21:59:44,Asian-Green-Bee-Eater
2025-10-15 21:59:45,Asian-Green-Bee-Eater
2025-10-15 21:59:47,Jungle-Babbler
2025-10-15 21:59:48,Asian-Green-Bee-Eater
2025-10-15 21:59:50,Asian-Green-Bee-Eater
2025-10-15 21:59:51,Jungle-Babbler
2025-10-15 21:59:53,Asian-Green-Bee-Eater
2025-10-15 21:59:55,Asian-Green-Bee-Eater
2025-10-15 21:59:56,Jungle-Babbler
2025-10-15 21:59:58,Asian-Green-Bee-Eater
2025-10-15 21:59:59,Asian-Green-Bee-Eater
2025-10-15 22:00:01,Asian-Green-Bee-Eater
2025-10-15 22:00:03,Asian-Green-Bee-Eater
2025-10-15 22:00:04,Asian-Green-Bee-Eater
2025-10-15 22:00:06,Asian-Green-Bee-Eater
2025-10-15 22:00:07,Asian-Green-Bee-Eater
2025-10-15 22:00:09,Asian-Green-Bee-Eater
2025-10-15 22:00:11,Asian-Green-Bee-Eater
2025-10-15 22:00:12,Jungle-Babbler
2025-10-15 22:00:14,Asian-Green-Bee-Eater
2025-10-15 22:00:16,Asian-Green-Bee-Eater
2025-10-15 22:00:17,Asian-Green-Bee-Eater
2025-10-15 22:00:19,Asian-Green-Bee-Eater
2025-10-15 22:00:20,Asian-Green-Bee-Eater
2025-10-15 22:00:22,Asian-Green-Bee-Eater
2025-10-15 22:00:24,Asian-Green-Bee-Eater
2025-10-15 22:00:25,Asian-Green-Bee-Eater
2025-10-15 22:00:27,Asian-Green-Bee-Eater
2025-10-15 22:00:29,Asian-Green-Bee-Eater
2025-10-15 22:00:30,Asian-Green-Bee-Eater
2025-10-15 22:00:32,Asian-Green-Bee-Eater
2025-10-15 22:00:33,Asian-Green-Bee-Eater
2025-10-15 22:00:35,Asian-Green-Bee-Eater
2025-10-15 22:00:36,Asian-Green-Bee-Eater
2025-10-15 22:00:38,Asian-Green-Bee-Eater
2025-10-15 22:43:02,Asian-Green-Bee-Eater
2025-10-15 22:43:05,Asian-Green-Bee-Eater
2025-10-15 22:43:05,Asian-Green-Bee-Eater
2025-10-15 22:43:08,Asian-Green-Bee-Eater
2025-10-15 22:43:08,Asian-Green-Bee-Eater
2025-10-15 22:43:12,Coppersmith-Barbet
2025-10-15 22:43:12,Coppersmith-Barbet
2025-10-15 22:43:15,Asian-Green-Bee-Eater
2025-10-15 22:43:15,Asian-Green-Bee-Eater
2025-10-15 22:43:18,Jungle-Babbler
2025-10-15 22:43:18,Jungle-Babbler
2025-10-15 22:43:22,Jungle-Babbler
2025-10-15 22:43:22,Jungle-Babbler
2025-10-15 22:43:25,Jungle-Babbler
2025-10-15 22:43:25,Jungle-Babbler
2025-10-15 22:43:28,Jungle-Babbler
2025-10-15 22:43:28,Jungle-Babbler
2025-10-15 22:43:31,Jungle-Babbler
2025-10-15 22:43:31,Jungle-Babbler
2025-10-15 22:43:34,Coppersmith-Barbet
2025-10-15 22:43:35,Coppersmith-Barbet
2025-10-15 22:43:38,Red-Wattled-Lapwing
2025-10-15 22:43:38,Red-Wattled-Lapwing
2025-10-15 22:43:41,Red-Wattled-Lapwing
2025-10-15 22:43:41,Red-Wattled-Lapwing
2025-10-15 22:43:44,Jungle-Babbler
2025-10-15 22:43:44,Jungle-Babbler
2025-10-15 22:43:47,Jungle-Babbler
2025-10-15 22:43:47,Coppersmith-Barbet
2025-10-15 22:43:51,Coppersmith-Barbet
2025-10-15 22:43:51,Coppersmith-Barbet
2025-10-15 22:43:54,Jungle-Babbler
2025-10-15 22:43:54,Jungle-Babbler
2025-10-15 22:43:57,Jungle-Babbler
2025-10-15 22:43:57,Jungle-Babbler
2025-10-15 22:44:00,Coppersmith-Barbet
2025-10-15 22:44:00,Jungle-Babbler
2025-10-15 22:44:04,Jungle-Babbler
2025-10-15 22:44:04,Jungle-Babbler
2025-10-15 22:44:07,Jungle-Babbler
2025-10-15 22:44:07,Jungle-Babbler
2025-10-15 22:44:10,Coppersmith-Barbet
2025-10-15 22:44:10,Coppersmith-Barbet
2025-10-15 22:44:14,Coppersmith-Barbet
2025-10-15 22:44:14,Asian-Green-Bee-Eater
2025-10-15 22:44:17,Jungle-Babbler
2025-10-15 22:44:17,Jungle-Babbler
2025-10-15 22:44:20,Jungle-Babbler
2025-10-15 22:44:20,Jungle-Babbler
2025-10-15 22:44:23,Jungle-Babbler
2025-10-15 22:44:24,Jungle-Babbler
2025-10-15 22:44:27,Jungle-Babbler
2025-10-15 22:44:27,Jungle-Babbler
2025-10-15 22:44:30,Jungle-Babbler
2025-10-15 22:44:30,Jungle-Babbler
2025-10-15 22:44:33,Jungle-Babbler
2025-10-15 22:44:33,Jungle-Babbler
2025-10-15 22:44:36,Jungle-Babbler
2025-10-15 22:44:36,Jungle-Babbler
2025-10-15 22:44:39,Jungle-Babbler
2025-10-15 22:44:40,Jungle-Babbler
2025-10-15 22:44:43,Jungle-Babbler
2025-10-15 22:44:43,Jungle-Babbler
2025-10-15 22:44:46,Coppersmith-Barbet
2025-10-15 22:44:46,Coppersmith-Barbet
2025-10-15 22:44:49,Coppersmith-Barbet
2025-10-15 22:44:49,Coppersmith-Barbet
2025-10-15 22:44:52,Jungle-Babbler
2025-10-15 22:44:52,Jungle-Babbler
2025-10-15 22:44:55,Jungle-Babbler
2025-10-15 22:44:56,Jungle-Babbler
2025-10-15 22:44:59,Jungle-Babbler
2025-10-15 22:44:59,Jungle-Babbler
2025-10-15 22:45:02,Jungle-Babbler
2025-10-15 22:45:02,Jungle-Babbler
2025-10-15 22:45:05,Jungle-Babbler
2025-10-15 22:45:05,Jungle-Babbler
2025-10-15 22:45:08,Jungle-Babbler
2025-10-15 22:45:09,Jungle-Babbler
2025-10-15 22:45:12,Jungle-Babbler
2025-10-15 22:45:12,Jungle-Babbler
2025-10-15 22:45:18,Jungle-Babbler
2025-10-15 22:45:19,Jungle-Babbler
2025-10-15 22:45:24,Jungle-Babbler
2025-10-15 22:45:26,Jungle-Babbler
2025-10-15 22:45:28,Jungle-Babbler
2025-10-15 22:45:30,Jungle-Babbler
2025-10-15 22:45:31,Jungle-Babbler
2025-10-15 22:45:33,Jungle-Babbler
2025-10-15 22:45:34,Jungle-Babbler
2025-10-15 22:45:37,Asian-Green-Bee-Eater
2025-10-15 22:45:38,Asian-Green-Bee-Eater
2025-10-15 22:45:40,Asian-Green-Bee-Eater
2025-10-15 22:45:41,Asian-Green-Bee-Eater
2025-10-15 22:45:43,Asian-Green-Bee-Eater
2025-10-15 22:45:44,Asian-Green-Bee-Eater
2025-10-15 22:45:47,Asian-Green-Bee-Eater
2025-10-15 22:45:47,Jungle-Babbler
2025-10-15 22:45:50,Red-Wattled-Lapwing
2025-10-15 22:45:50,Red-Wattled-Lapwing
2025-10-15 22:45:53,Red-Wattled-Lapwing
2025-10-15 22:45:54,Red-Wattled-Lapwing
2025-10-15 22:45:56,Red-Wattled-Lapwing
2025-10-15 22:45:57,Red-Wattled-Lapwing
2025-10-15 22:45:59,Red-Wattled-Lapwing
2025-10-15 22:46:00,Red-Wattled-Lapwing
2025-10-15 22:46:03,Red-Wattled-Lapwing
2025-10-15 22:46:03,Red-Wattled-Lapwing
2025-10-15 22:46:06,Red-Wattled-Lapwing
2025-10-15 22:46:06,Red-Wattled-Lapwing
2025-10-15 22:46:09,Red-Wattled-Lapwing
2025-10-15 22:46:10,Jungle-Babbler
2025-10-15 22:46:12,Jungle-Babbler
2025-10-15 22:46:13,Jungle-Babbler
2025-10-15 22:46:15,Jungle-Babbler
2025-10-15 22:46:16,Jungle-Babbler
2025-10-15 22:46:19,Jungle-Babbler
2025-10-15 22:46:19,Red-Wattled-Lapwing
2025-10-15 22:46:22,Jungle-Babbler
2025-10-15 22:46:22,Asian-Green-Bee-Eater
2025-10-15 22:46:25,Asian-Green-Bee-Eater
2025-10-15 22:46:26,Asian-Green-Bee-Eater
2025-10-15 22:46:28,Asian-Green-Bee-Eater
2025-10-15 22:46:29,Asian-Green-Bee-Eater
2025-10-15 22:46:32,Asian-Green-Bee-Eater
2025-10-15 22:46:32,Asian-Green-Bee-Eater
2025-10-15 22:46:35,Asian-Green-Bee-Eater
2025-10-15 22:46:35,Asian-Green-Bee-Eater
2025-10-15 22:46:38,Asian-Green-Bee-Eater
2025-10-15 22:46:38,Asian-Green-Bee-Eater
2025-10-15 22:46:42,Asian-Green-Bee-Eater
2025-10-15 22:46:42,Asian-Green-Bee-Eater
2025-10-15 22:46:45,Asian-Green-Bee-Eater
2025-10-15 22:46:45,Coppersmith-Barbet
2025-10-15 22:46:48,White-Breasted-Kingfisher
2025-10-15 22:46:48,White-Breasted-Kingfisher
2025-10-15 22:46:51,White-Breasted-Kingfisher
2025-10-15 22:46:51,White-Breasted-Kingfisher
2025-10-15 22:46:55,White-Breasted-Kingfisher
2025-10-15 22:46:55,White-Breasted-Kingfisher
2025-10-15 22:46:58,Asian-Green-Bee-Eater
2025-10-15 22:46:58,Asian-Green-Bee-Eater
2025-10-15 22:47:01,Red-Wattled-Lapwing
2025-10-15 22:47:01,Red-Wattled-Lapwing
2025-10-15 22:47:04,Red-Wattled-Lapwing
2025-10-15 22:47:04,Red-Wattled-Lapwing
2025-10-15 22:47:07,Red-Wattled-Lapwing
2025-10-15 22:47:07,Red-Wattled-Lapwing
2025-10-15 22:47:11,Red-Wattled-Lapwing
2025-10-15 22:47:11,Red-Wattled-Lapwing
2025-10-15 22:47:14,Red-Wattled-Lapwing
2025-10-15 22:47:14,Red-Wattled-Lapwing
2025-10-15 22:47:17,Asian-Green-Bee-Eater
2025-10-15 22:47:17,Asian-Green-Bee-Eater
2025-10-15 22:47:20,Asian-Green-Bee-Eater
2025-10-15 22:47:20,Asian-Green-Bee-Eater
2025-10-15 22:47:23,Asian-Green-Bee-Eater
2025-10-15 22:47:23,Asian-Green-Bee-Eater
2025-10-15 22:47:27,White-Breasted-Kingfisher
2025-10-15 22:47:27,White-Breasted-Kingfisher
2025-10-15 22:47:30,Coppersmith-Barbet
2025-10-15 22:47:30,Asian-Green-Bee-Eater
2025-10-15 22:47:33,Red-Wattled-Lapwing
2025-10-15 22:47:33,Red-Wattled-Lapwing
2025-10-15 22:47:36,Red-Wattled-Lapwing
2025-10-15 22:47:36,Red-Wattled-Lapwing
2025-10-15 22:47:39,Red-Wattled-Lapwing
2025-10-15 22:47:39,Red-Wattled-Lapwing
2025-10-15 22:47:43,Red-Wattled-Lapwing
2025-10-15 22:47:43,Red-Wattled-Lapwing
2025-10-15 22:47:46,Red-Wattled-Lapwing
2025-10-15 22:47:47,Red-Wattled-Lapwing
2025-10-15 22:47:49,Red-Wattled-Lapwing
2025-10-15 22:47:51,Red-Wattled-Lapwing
2025-10-15 22:47:52,Jungle-Babbler
2025-10-15 22:47:54,Jungle-Babbler
2025-10-15 22:47:55,Jungle-Babbler
2025-10-15 22:47:57,Jungle-Babbler
2025-10-15 22:47:59,Jungle-Babbler
2025-10-15 22:48:00,Red-Wattled-Lapwing
2025-10-15 22:48:02,Red-Wattled-Lapwing
2025-10-15 22:48:03,Red-Wattled-Lapwing
2025-10-15 22:48:05,Red-Wattled-Lapwing
2025-10-15 22:48:07,Red-Wattled-Lapwing
2025-10-15 22:48:08,Red-Wattled-Lapwing
2025-10-15 22:48:10,Jungle-Babbler
2025-10-15 22:48:11,Jungle-Babbler
2025-10-15 22:48:13,Jungle-Babbler
2025-10-15 22:48:15,Jungle-Babbler
2025-10-15 22:48:16,Jungle-Babbler
2025-10-15 22:48:18,Jungle-Babbler
2025-10-15 22:48:20,Jungle-Babbler
2025-10-15 22:48:21,Jungle-Babbler
2025-10-15 22:48:23,Jungle-Babbler
2025-10-15 22:48:24,Jungle-Babbler
2025-10-15 22:48:26,Jungle-Babbler
2025-10-15 22:48:27,Jungle-Babbler
2025-10-15 22:48:29,Jungle-Babbler
2025-10-15 22:48:31,Jungle-Babbler
2025-10-15 22:48:33,Jungle-Babbler
2025-10-15 22:48:34,Jungle-Babbler
2025-10-15 22:48:36,Jungle-Babbler
2025-10-15 22:48:37,Jungle-Babbler
2025-10-15 22:48:39,Jungle-Babbler
2025-10-15 22:48:40,Jungle-Babbler
2025-10-15 22:48:42,Red-Wattled-Lapwing
2025-10-15 22:48:43,Jungle-Babbler
2025-10-15 22:48:46,Jungle-Babbler
2025-10-15 22:48:47,Jungle-Babbler
2025-10-15 22:48:49,Jungle-Babbler
2025-10-15 22:48:50,Jungle-Babbler
2025-10-15 22:48:52,Jungle-Babbler
2025-10-15 22:48:53,Red-Wattled-Lapwing
2025-10-15 22:48:55,Red-Wattled-Lapwing
2025-10-15 22:48:56,Asian-Green-Bee-Eater
2025-10-15 22:48:58,Asian-Green-Bee-Eater
2025-10-15 22:49:00,Asian-Green-Bee-Eater
2025-10-15 22:49:01,Coppersmith-Barbet
2025-10-15 22:49:03,Coppersmith-Barbet
2025-10-15 22:49:05,Coppersmith-Barbet
2025-10-15 22:49:06,Jungle-Babbler
2025-10-15 22:49:08,Jungle-Babbler
2025-10-15 22:49:09,Jungle-Babbler
2025-10-15 22:49:11,Coppersmith-Barbet
2025-10-15 22:49:13,Coppersmith-Barbet
2025-10-15 22:49:14,Coppersmith-Barbet
2025-10-15 22:49:16,Jungle-Babbler
2025-10-15 22:49:17,Jungle-Babbler
2025-10-15 22:49:19,Jungle-Babbler
2025-10-15 22:49:22,Jungle-Babbler
2025-10-15 22:49:25,Asian-Green-Bee-Eater
2025-10-15 22:49:27,Jungle-Babbler
2025-10-15 22:49:29,Jungle-Babbler
2025-10-15 22:49:30,Jungle-Babbler
2025-10-15 22:49:32,Jungle-Babbler
2025-10-15 22:49:33,Jungle-Babbler
2025-10-15 22:49:35,Jungle-Babbler
2025-10-15 22:49:36,Jungle-Babbler
2025-10-15 22:49:38,Jungle-Babbler
2025-10-15 22:49:39,Jungle-Babbler
2025-10-15 22:49:41,Jungle-Babbler
2025-10-15 22:49:43,Jungle-Babbler
2025-10-15 22:49:45,Jungle-Babbler
2025-10-15 22:49:46,Jungle-Babbler
2025-10-15 22:49:48,Jungle-Babbler
2025-10-15 22:49:49,Jungle-Babbler
2025-10-15 22:49:51,Jungle-Babbler
2025-10-15 22:49:52,Jungle-Babbler
2025-10-15 22:49:54,Jungle-Babbler
2025-10-15 22:49:56,Jungle-Babbler
2025-10-15 22:49:58,Red-Wattled-Lapwing
2025-10-15 22:49:59,Red-Wattled-Lapwing
2025-10-15 22:50:01,Red-Wattled-Lapwing
2025-10-15 22:50:02,Red-Wattled-Lapwing
2025-10-15 22:50:04,Red-Wattled-Lapwing
2025-10-15 22:50:05,Red-Wattled-Lapwing
2025-10-15 22:50:07,Red-Wattled-Lapwing
2025-10-15 22:50:08,Red-Wattled-Lapwing
2025-10-15 22:50:10,Red-Wattled-Lapwing
2025-10-15 22:50:12,Red-Wattled-Lapwing
2025-10-15 22:50:15,Red-Wattled-Lapwing
2025-10-15 22:50:15,Red-Wattled-Lapwing
2025-10-15 22:50:18,Red-Wattled-Lapwing
2025-10-15 22:50:18,Red-Wattled-Lapwing
2025-10-15 22:50:21,Red-Wattled-Lapwing
2025-10-15 22:50:21,Red-Wattled-Lapwing
2025-10-15 22:50:25,Red-Wattled-Lapwing
2025-10-15 22:50:25,Red-Wattled-Lapwing
2025-10-15 22:50:31,White-Breasted-Kingfisher
2025-10-15 22:50:31,White-Breasted-Kingfisher
2025-10-15 22:50:34,White-Breasted-Kingfisher
2025-10-15 22:50:35,White-Breasted-Kingfisher
2025-10-15 22:50:37,White-Breasted-Kingfisher
2025-10-15 22:50:39,White-Breasted-Kingfisher
2025-10-15 22:50:40,Jungle-Babbler
2025-10-15 22:50:43,Jungle-Babbler
2025-10-15 22:50:44,Jungle-Babbler
2025-10-15 22:50:46,Jungle-Babbler
2025-10-15 22:50:47,Jungle-Babbler
2025-10-15 22:50:49,Jungle-Babbler
2025-10-15 22:50:50,Jungle-Babbler
2025-10-15 22:50:52,Jungle-Babbler
2025-10-15 22:50:53,Jungle-Babbler
2025-10-15 22:50:56,Jungle-Babbler
2025-10-15 22:50:56,Jungle-Babbler
2025-10-15 22:50:59,Jungle-Babbler
2025-10-15 22:51:00,Jungle-Babbler
2025-10-15 22:51:02,White-Breasted-Kingfisher
2025-10-15 22:51:03,White-Breasted-Kingfisher
2025-10-15 22:51:05,White-Breasted-Kingfisher
2025-10-15 22:51:06,White-Breasted-Kingfisher
2025-10-15 22:51:09,White-Breasted-Kingfisher
2025-10-15 22:51:09,White-Breasted-Kingfisher
2025-10-15 22:51:12,White-Breasted-Kingfisher
2025-10-15 22:51:13,White-Breasted-Kingfisher
2025-10-15 22:51:15,Jungle-Babbler
2025-10-15 22:51:16,Jungle-Babbler
2025-10-15 22:51:19,Jungle-Babbler
2025-10-15 22:51:19,Jungle-Babbler
2025-10-15 22:51:22,Jungle-Babbler
2025-10-15 22:51:23,Jungle-Babbler
2025-10-15 22:51:25,Jungle-Babbler
2025-10-15 22:51:26,Jungle-Babbler
2025-10-15 22:51:29,Jungle-Babbler
2025-10-15 22:51:29,Jungle-Babbler
2025-10-15 22:51:32,Jungle-Babbler
2025-10-15 22:51:32,Jungle-Babbler
2025-10-15 22:51:35,Jungle-Babbler
2025-10-15 22:51:36,Jungle-Babbler
2025-10-15 22:51:38,Jungle-Babbler
2025-10-15 22:51:39,Jungle-Babbler
2025-10-15 22:51:41,Jungle-Babbler
2025-10-15 22:51:42,Jungle-Babbler
2025-10-15 22:51:45,Jungle-Babbler
2025-10-15 22:51:45,Jungle-Babbler
2025-10-15 22:51:48,Jungle-Babbler
2025-10-15 22:51:49,Jungle-Babbler
2025-10-15 22:51:51,Jungle-Babbler
2025-10-15 22:51:52,Jungle-Babbler
2025-10-15 22:51:54,Jungle-Babbler
2025-10-15 22:51:55,Coppersmith-Barbet
2025-10-15 22:51:58,Jungle-Babbler
2025-10-15 22:51:58,Jungle-Babbler
2025-10-15 22:52:01,Jungle-Babbler
2025-10-15 22:52:01,Jungle-Babbler
2025-10-15 22:52:04,Jungle-Babbler
2025-10-15 22:52:05,Asian-Green-Bee-Eater
2025-10-15 22:52:07,Asian-Green-Bee-Eater
2025-10-15 22:52:08,Asian-Green-Bee-Eater
2025-10-15 22:52:10,Asian-Green-Bee-Eater
2025-10-15 22:52:11,Asian-Green-Bee-Eater
2025-10-15 22:52:13,Asian-Green-Bee-Eater
2025-10-15 22:52:15,Asian-Green-Bee-Eater
2025-10-15 22:52:17,Jungle-Babbler
2025-10-15 22:52:18,Jungle-Babbler
2025-10-15 22:52:20,Jungle-Babbler
2025-10-15 22:52:21,Jungle-Babbler
2025-10-15 22:52:23,Jungle-Babbler
2025-10-15 22:52:24,Jungle-Babbler
2025-10-15 22:52:27,Jungle-Babbler
2025-10-15 22:52:28,Jungle-Babbler
2025-10-15 22:52:30,Jungle-Babbler
2025-10-15 22:52:31,Jungle-Babbler
2025-10-15 22:52:33,Jungle-Babbler
2025-10-15 22:52:34,Jungle-Babbler
2025-10-15 22:52:36,Jungle-Babbler
2025-10-15 22:52:37,Jungle-Babbler
2025-10-15 22:52:39,Jungle-Babbler
2025-10-15 22:52:40,Jungle-Babbler
2025-10-15 22:52:42,Jungle-Babbler
2025-10-15 22:52:44,Jungle-Babbler
2025-10-15 22:52:46,Jungle-Babbler
2025-10-15 22:52:47,Jungle-Babbler
2025-10-15 22:52:49,Jungle-Babbler
2025-10-15 22:52:50,Jungle-Babbler
2025-10-15 22:52:52,Jungle-Babbler
2025-10-15 22:52:53,Jungle-Babbler
2025-10-15 22:52:56,Jungle-Babbler
2025-10-15 22:52:57,Jungle-Babbler
2025-10-15 22:52:59,Jungle-Babbler
2025-10-15 22:53:00,Jungle-Babbler
2025-10-15 22:53:02,Jungle-Babbler
2025-10-15 22:53:03,Red-Wattled-Lapwing
2025-10-15 22:53:06,Red-Wattled-Lapwing
2025-10-15 22:53:06,Red-Wattled-Lapwing
2025-10-15 22:53:09,Red-Wattled-Lapwing
2025-10-15 22:53:10,Red-Wattled-Lapwing
2025-10-15 22:53:12,Red-Wattled-Lapwing
2025-10-15 22:53:13,Red-Wattled-Lapwing
2025-10-15 22:53:15,White-Breasted-Kingfisher
2025-10-15 22:53:16,Red-Wattled-Lapwing
2025-10-15 22:53:18,White-Breasted-Kingfisher
2025-10-15 22:53:19,Red-Wattled-Lapwing
2025-10-15 22:53:22,Jungle-Babbler
2025-10-15 22:53:22,Jungle-Babbler
2025-10-15 22:53:25,Jungle-Babbler
2025-10-15 22:53:26,Jungle-Babbler
2025-10-15 22:53:28,Jungle-Babbler
2025-10-15 22:53:29,Jungle-Babbler
2025-10-15 22:53:31,Jungle-Babbler
2025-10-15 22:53:32,Jungle-Babbler
2025-10-15 22:53:35,Jungle-Babbler
2025-10-15 22:53:35,Jungle-Babbler
2025-10-15 22:53:38,Jungle-Babbler
2025-10-15 22:53:38,White-Breasted-Kingfisher
2025-10-16 12:15:15,Asian-Green-Bee-Eater
2025-10-16 12:15:18,Asian-Green-Bee-Eater
2025-10-16 12:15:22,Jungle-Babbler
2025-10-16 12:15:25,Asian-Green-Bee-Eater
2025-10-16 12:15:28,Jungle-Babbler
2025-10-16 12:15:32,Jungle-Babbler
2025-10-16 12:15:35,Asian-Green-Bee-Eater
2025-10-16 12:15:39,Asian-Green-Bee-Eater
2025-10-16 12:15:42,Asian-Green-Bee-Eater
2025-10-16 12:15:46,Asian-Green-Bee-Eater
2025-10-16 12:15:49,Asian-Green-Bee-Eater
2025-10-16 12:15:52,Asian-Green-Bee-Eater
2025-10-16 12:15:56,Asian-Green-Bee-Eater
2025-10-16 12:15:59,Asian-Green-Bee-Eater
2025-10-16 12:16:02,Asian-Green-Bee-Eater
2025-10-16 12:16:06,Asian-Green-Bee-Eater
2025-10-16 12:16:09,Asian-Green-Bee-Eater
2025-10-16 12:16:12,Asian-Green-Bee-Eater
2025-10-16 12:16:16,Asian-Green-Bee-Eater
2025-10-16 12:16:19,Asian-Green-Bee-Eater
2025-10-16 12:16:23,Asian-Green-Bee-Eater
2025-10-16 12:16:26,Asian-Green-Bee-Eater
2025-10-16 12:16:29,Asian-Green-Bee-Eater
2025-10-16 12:16:32,Asian-Green-Bee-Eater
2025-10-16 12:16:36,Asian-Green-Bee-Eater
2025-10-16 12:16:39,Asian-Green-Bee-Eater
2025-10-16 12:16:42,Asian-Green-Bee-Eater
2025-10-16 12:16:45,Asian-Green-Bee-Eater
2025-10-16 12:16:49,Asian-Green-Bee-Eater
2025-10-16 12:16:52,Asian-Green-Bee-Eater
2025-10-16 12:16:55,Asian-Green-Bee-Eater
2025-10-16 12:16:58,Asian-Green-Bee-Eater
2025-10-16 12:17:02,Asian-Green-Bee-Eater
2025-10-16 12:17:05,Asian-Green-Bee-Eater
2025-10-16 12:17:08,Asian-Green-Bee-Eater
2025-10-16 12:17:12,Asian-Green-Bee-Eater
2025-10-16 12:17:15,Asian-Green-Bee-Eater
2025-10-16 12:17:19,Asian-Green-Bee-Eater
2025-10-16 12:17:22,Asian-Green-Bee-Eater
2025-10-16 12:17:26,Asian-Green-Bee-Eater
2025-10-16 12:17:29,Asian-Green-Bee-Eater
2025-10-16 12:17:32,Asian-Green-Bee-Eater
2025-10-16 12:17:36,Asian-Green-Bee-Eater
2025-10-16 12:17:39,Asian-Green-Bee-Eater
2025-10-16 12:17:43,Asian-Green-Bee-Eater
2025-10-16 12:17:46,Asian-Green-Bee-Eater
2025-10-16 12:17:49,Asian-Green-Bee-Eater
2025-10-16 12:17:52,Asian-Green-Bee-Eater
2025-10-16 12:17:56,Asian-Green-Bee-Eater
2025-10-16 12:17:59,Asian-Green-Bee-Eater
2025-10-16 12:18:03,Asian-Green-Bee-Eater
2025-10-16 12:18:06,Asian-Green-Bee-Eater
2025-10-16 12:18:09,Asian-Green-Bee-Eater
2025-10-16 12:18:12,Asian-Green-Bee-Eater
2025-10-16 12:18:16,Asian-Green-Bee-Eater
2025-10-16 12:18:19,Asian-Green-Bee-Eater
2025-10-16 12:18:22,Asian-Green-Bee-Eater
2025-10-16 12:18:26,Asian-Green-Bee-Eater
2025-10-16 12:18:29,Asian-Green-Bee-Eater
2025-10-16 12:18:33,Asian-Green-Bee-Eater
2025-10-16 12:18:36,Asian-Green-Bee-Eater
2025-10-16 12:18:39,Asian-Green-Bee-Eater
2025-10-16 12:18:43,Asian-Green-Bee-Eater
2025-10-16 12:18:46,Asian-Green-Bee-Eater
2025-10-16 12:18:49,Asian-Green-Bee-Eater
2025-10-16 12:18:52,Asian-Green-Bee-Eater
2025-10-16 12:18:56,Red-Wattled-Lapwing
2025-10-16 12:18:59,Jungle-Babbler
2025-10-16 12:19:03,Asian-Green-Bee-Eater
2025-10-16 12:19:06,Asian-Green-Bee-Eater
2025-10-16 12:19:09,Asian-Green-Bee-Eater
2025-10-16 12:19:13,Asian-Green-Bee-Eater
2025-10-16 12:19:17,Asian-Green-Bee-Eater
2025-10-16 12:19:21,Asian-Green-Bee-Eater
2025-10-16 12:19:24,Asian-Green-Bee-Eater
2025-10-16 12:19:28,Asian-Green-Bee-Eater
2025-10-16 12:19:31,Asian-Green-Bee-Eater
2025-10-16 12:19:35,Asian-Green-Bee-Eater
2025-10-16 12:19:38,Asian-Green-Bee-Eater
2025-10-16 12:19:42,Asian-Green-Bee-Eater
2025-10-16 12:19:45,Asian-Green-Bee-Eater
2025-10-16 12:19:49,Asian-Green-Bee-Eater
2025-10-16 12:19:52,Asian-Green-Bee-Eater
2025-10-16 12:19:56,Asian-Green-Bee-Eater
2025-10-16 12:19:59,Asian-Green-Bee-Eater
2025-10-16 12:20:03,Asian-Green-Bee-Eater
2025-10-16 12:20:06,Asian-Green-Bee-Eater
2025-10-16 12:20:10,Asian-Green-Bee-Eater
2025-10-16 12:20:13,Asian-Green-Bee-Eater
2025-10-16 12:20:17,Asian-Green-Bee-Eater
2025-10-16 12:20:21,Asian-Green-Bee-Eater
2025-10-16 12:20:24,Asian-Green-Bee-Eater
2025-10-16 12:20:28,Asian-Green-Bee-Eater
2025-10-16 12:20:31,Red-Wattled-Lapwing
2025-10-16 12:20:35,Red-Wattled-Lapwing
2025-10-16 12:20:38,Red-Wattled-Lapwing
2025-10-16 12:20:42,Red-Wattled-Lapwing
2025-10-16 12:20:45,Red-Wattled-Lapwing
2025-10-16 12:20:48,Asian-Green-Bee-Eater
2025-10-16 12:20:52,Asian-Green-Bee-Eater
2025-10-16 12:20:55,Asian-Green-Bee-Eater
2025-10-16 12:20:59,Asian-Green-Bee-Eater
2025-10-16 12:21:02,Asian-Green-Bee-Eater
2025-10-16 12:21:06,Red-Wattled-Lapwing
2025-10-16 12:21:09,Red-Wattled-Lapwing
2025-10-16 12:21:13,Red-Wattled-Lapwing
2025-10-16 12:21:16,Red-Wattled-Lapwing
2025-10-16 12:21:20,Red-Wattled-Lapwing
2025-10-16 12:21:23,Jungle-Babbler
2025-10-16 12:21:27,Jungle-Babbler
2025-10-16 12:21:30,Jungle-Babbler
2025-10-16 12:21:34,Jungle-Babbler
2025-10-16 12:21:37,Jungle-Babbler
2025-10-16 12:21:41,Jungle-Babbler
2025-10-16 12:21:45,Jungle-Babbler
2025-10-16 12:21:48,Jungle-Babbler
2025-10-16 12:21:52,Red-Wattled-Lapwing
2025-10-16 12:21:55,Jungle-Babbler
2025-10-16 12:21:59,Jungle-Babbler
2025-10-16 12:22:02,Jungle-Babbler
2025-10-16 12:22:06,Jungle-Babbler
2025-10-16 12:22:10,Jungle-Babbler
2025-10-16 12:22:13,Jungle-Babbler
2025-10-16 12:22:17,Coppersmith-Barbet
2025-10-16 12:22:20,Coppersmith-Barbet
2025-10-16 12:22:24,Red-Wattled-Lapwing
2025-10-16 12:22:28,White-Breasted-Kingfisher
2025-10-16 12:22:31,Red-Wattled-Lapwing
2025-10-16 12:22:35,Red-Wattled-Lapwing
2025-10-16 12:22:38,Red-Wattled-Lapwing
2025-10-16 12:22:42,Red-Wattled-Lapwing
2025-10-16 12:22:45,Red-Wattled-Lapwing
2025-10-16 12:22:49,Red-Wattled-Lapwing
2025-10-16 12:22:52,Jungle-Babbler
2025-10-16 12:22:56,Jungle-Babbler
2025-10-16 12:22:59,Jungle-Babbler
2025-10-16 12:23:03,Jungle-Babbler
2025-10-16 12:23:06,Jungle-Babbler
2025-10-16 12:23:17,Coppersmith-Barbet
2025-10-16 12:23:21,Coppersmith-Barbet
2025-10-16 12:23:25,Coppersmith-Barbet
2025-10-16 12:23:28,Coppersmith-Barbet
2025-10-16 12:23:32,Coppersmith-Barbet
2025-10-16 12:23:36,Coppersmith-Barbet
2025-10-16 12:23:39,Coppersmith-Barbet
2025-10-16 12:23:43,Coppersmith-Barbet
2025-10-16 12:23:46,Coppersmith-Barbet
2025-10-16 12:23:50,Asian-Green-Bee-Eater
2025-10-16 12:23:54,Jungle-Babbler
2025-10-16 12:23:57,Jungle-Babbler
2025-10-16 12:24:00,Jungle-Babbler
2025-10-16 12:24:04,Jungle-Babbler
2025-10-16 12:24:07,Jungle-Babbler
2025-10-16 12:24:11,Jungle-Babbler
2025-10-16 12:24:14,Jungle-Babbler
2025-10-16 12:24:18,Asian-Green-Bee-Eater
2025-10-16 12:24:21,Coppersmith-Barbet
2025-10-16 12:24:25,Red-Wattled-Lapwing
2025-10-16 12:24:29,Coppersmith-Barbet
2025-10-16 12:24:32,Coppersmith-Barbet
2025-10-16 12:24:35,Coppersmith-Barbet
2025-10-16 12:24:39,Coppersmith-Barbet
2025-10-16 12:24:43,Coppersmith-Barbet
2025-10-16 12:24:46,Coppersmith-Barbet
2025-10-16 12:24:49,Asian-Green-Bee-Eater
2025-10-16 12:24:53,Red-Wattled-Lapwing
2025-10-16 12:24:57,Red-Wattled-Lapwing
2025-10-16 12:25:00,Red-Wattled-Lapwing
2025-10-16 12:25:04,Red-Wattled-Lapwing
2025-10-16 12:25:07,Red-Wattled-Lapwing
2025-10-16 12:25:11,Red-Wattled-Lapwing
2025-10-16 12:25:14,Red-Wattled-Lapwing
2025-10-16 12:25:17,Red-Wattled-Lapwing
2025-10-16 12:25:21,Red-Wattled-Lapwing
2025-10-16 12:25:24,Red-Wattled-Lapwing
2025-10-16 12:25:28,Red-Wattled-Lapwing
2025-10-16 12:25:31,Red-Wattled-Lapwing
2025-10-16 12:25:35,Red-Wattled-Lapwing
2025-10-16 12:25:38,Red-Wattled-Lapwing
2025-10-16 12:25:42,Red-Wattled-Lapwing
2025-10-16 12:25:46,Red-Wattled-Lapwing
2025-10-16 12:25:49,Red-Wattled-Lapwing
2025-10-16 12:25:53,Red-Wattled-Lapwing
2025-10-16 12:25:56,Red-Wattled-Lapwing
2025-10-16 12:26:00,Red-Wattled-Lapwing
2025-10-16 12:26:03,Red-Wattled-Lapwing
2025-10-16 12:26:06,Red-Wattled-Lapwing
2025-10-16 12:26:09,Red-Wattled-Lapwing
2025-10-16 12:26:13,Red-Wattled-Lapwing
2025-10-16 12:26:16,Red-Wattled-Lapwing
2025-10-16 12:26:20,Red-Wattled-Lapwing
2025-10-16 12:26:23,Red-Wattled-Lapwing
2025-10-16 12:26:27,Red-Wattled-Lapwing
2025-10-16 12:26:30,Red-Wattled-Lapwing
2025-10-16 12:26:33,Red-Wattled-Lapwing
2025-10-16 12:26:37,Red-Wattled-Lapwing
2025-10-16 12:26:40,Red-Wattled-Lapwing
2025-10-16 12:26:44,Red-Wattled-Lapwing
2025-10-16 12:26:47,Red-Wattled-Lapwing
2025-10-16 12:26:50,Red-Wattled-Lapwing
2025-10-16 12:26:54,Red-Wattled-Lapwing
2025-10-16 12:26:57,Red-Wattled-Lapwing
2025-10-16 12:27:01,Red-Wattled-Lapwing
2025-10-16 12:27:04,Red-Wattled-Lapwing
2025-10-16 12:27:08,Red-Wattled-Lapwing
2025-10-16 12:27:11,Red-Wattled-Lapwing
2025-10-16 12:27:15,Red-Wattled-Lapwing
2025-10-16 12:27:18,Red-Wattled-Lapwing
2025-10-16 12:27:22,Red-Wattled-Lapwing
2025-10-16 12:27:25,Red-Wattled-Lapwing
2025-10-16 12:27:29,Red-Wattled-Lapwing
2025-10-16 12:27:32,Red-Wattled-Lapwing
2025-10-16 12:27:36,Red-Wattled-Lapwing
2025-10-16 12:27:39,Red-Wattled-Lapwing
2025-10-16 12:27:43,Red-Wattled-Lapwing
2025-10-16 12:27:46,Coppersmith-Barbet
